"index","name","fitness_score","rationale"
"1","Ferdinando Fioretto","0.61","""Based on the provided information, Ferdinando Fioretto has a diverse research background that includes optimization, machine learning, and privacy, which are relevant to the paper titled """"Modular Federated Learning: A Meta-Framework Perspective."""" The paper discusses federated learning (FL), a field that intersects with machine learning and privacy, particularly in the context of decentralized data sources and the preservation of data privacy. However, the fitness score of 61 suggests that while Fioretto has relevant expertise, he may not be the ideal fit for reviewing this specific paper. Here are some reasons why: 1. **Relevance of Expertise**: While Fioretto's work in optimization and machine learning is pertinent, the paper focuses on a meta-framework perspective of FL, which requires a deep understanding of the specific methodologies, systems, and application domains within FL. The abstract indicates a structured analysis of FL components, which may necessitate a reviewer with more specialized knowledge in federated learning itself. 2. **Specificity of Research**: Fioretto's research themes, such as Multi-Robot Motion Planning and the intersection of AI ethics with privacy, do not directly align with the core focus of the paper on FL. The paper's emphasis on modular components, aggregation, and alignment in FL may require a reviewer who has specifically worked on FL or closely related areas, rather than broader machine learning applications. 3. **Fitness Score Interpretation**: A score of 61 indicates a moderate level of fit, suggesting that while Fioretto has some relevant experience, there may be other reviewers with a stronger background in federated learning who could provide more insightful feedback. A higher score would typically indicate a more robust alignment with the paper's themes and objectives. In conclusion, while Ferdinando Fioretto possesses valuable expertise in machine learning and privacy, the fitness score of 61 suggests that he may not be the best fit for reviewing this paper on modular federated learning. A reviewer with a more focused background in federated learning methodologies and systems would likely provide more relevant and detailed insights."""
"2","Valerio Basile","0.58","""The reviewer, Valerio Basile, has a diverse research background that intersects with several relevant areas, including data privacy, decentralized data governance, and machine learning. However, the fitness score of 58 suggests that he may not be the best fit to review the paper titled """"Modular Federated Learning: A Meta-Framework Perspective."""" Here are the reasons why Basile's fit is limited: 1. **Focus on Federated Learning**: The paper specifically addresses Federated Learning (FL), a specialized area within machine learning that emphasizes collaborative learning while preserving data privacy. While Basile has expertise in data privacy and decentralized architectures, his primary research focus appears to be on process mining and natural language processing (NLP), which may not provide him with the depth of knowledge required to critically evaluate the nuances of FL methodologies and frameworks. 2. **Lack of Direct Experience with FL**: The abstract indicates that the paper introduces a meta-framework for FL, which involves a structured understanding of various components such as communication, optimization, security, and privacy. Although Basile's work touches on data privacy and secure data sharing, it does not explicitly mention experience with FL or its specific challenges, which are central to the paper's contributions. 3. **Relevance of Research Contributions**: Basile's contributions in NLP and process mining, while innovative, do not directly align with the core themes of the paper. The paper's focus on modular components and a novel taxonomy within FL may require a reviewer with a more specialized background in FL or distributed machine learning paradigms. 4. **Fitness Score Interpretation**: A fitness score of 58 indicates a moderate level of relevance but suggests that there are likely other reviewers with a stronger alignment to the paper's subject matter. A higher score would typically reflect a closer match in expertise and research focus, which is not the case here. In conclusion, while Valerio Basile has valuable expertise in related fields, the fitness score of 58 indicates that he may not possess the specific knowledge and experience necessary to provide a thorough and insightful review of the paper on Modular Federated Learning. It would be advisable to seek a reviewer with a stronger background in FL and its associated methodologies for a more effective evaluation."""
"3","Sriraam Natarajan","0.54","""Based on the provided information, Sriraam Natarajan's research background and the fitness score of 54 suggest that he may not be the best fit to review the paper titled """"Modular Federated Learning: A Meta-Framework Perspective."""" 1. **Relevance of Expertise**: The paper focuses on Federated Learning (FL), a specific area within machine learning that emphasizes decentralized data processing while maintaining privacy. While Natarajan has a strong background in probabilistic models, fairness in AI, and human-AI collaboration, his expertise does not directly align with the core themes of FL, such as communication, optimization, security, and privacy in decentralized environments. The lack of direct experience in FL or related methodologies may hinder his ability to critically evaluate the paper's contributions and implications. 2. **Fitness Score**: A fitness score of 54 indicates a moderate level of fit, suggesting that while Natarajan has relevant experience in machine learning, it may not be sufficient for a thorough review of a paper that delves deeply into the complexities of FL. A higher score would typically indicate a stronger alignment with the paper's subject matter, which is not the case here. 3. **Interdisciplinary Applications**: Although Natarajan's work emphasizes interdisciplinary applications, particularly in healthcare and software engineering, the specific focus of the paper on FL and its modular framework may not resonate with his primary research interests. His contributions to fairness in AI and human-in-the-loop systems, while valuable, do not directly address the technical and theoretical aspects of FL that the paper aims to explore. In conclusion, while Sriraam Natarajan possesses a solid foundation in machine learning and related fields, the specific focus of the paper on Federated Learning, combined with a fitness score of 54, suggests that he may not be the most suitable reviewer for this work. A reviewer with more direct experience in FL and its associated challenges would likely provide a more insightful and relevant evaluation."""
"4","Ulises Cortés","0.53","""The reviewer, Ulises Cortés, has a diverse research background that spans artificial intelligence, healthcare applications, and ethical considerations in technology. However, the fitness score of 53 suggests that he may not be the best fit to review the paper titled """"Modular Federated Learning: A Meta-Framework Perspective."""" Here are the reasons why the reviewer may not be a good fit: 1. **Lack of Direct Expertise in Federated Learning**: The paper focuses specifically on Federated Learning (FL), a specialized area within machine learning that deals with decentralized data sources and privacy-preserving techniques. While Cortés has experience in AI and complex systems, there is no indication in his summary that he has direct experience or expertise in FL or its methodologies, which are central to the paper. 2. **Focus on Healthcare Applications**: Cortés's research primarily revolves around healthcare applications and ethical AI, particularly in the context of medical technologies. While these areas are important, they may not align closely with the technical and theoretical aspects of FL discussed in the paper. The paper's emphasis on modular frameworks, optimization, and system-level challenges in FL may require a reviewer with a more focused background in distributed machine learning or FL specifically. 3. **Interdisciplinary Nature**: Although interdisciplinary perspectives can be valuable, the reviewer’s focus on healthcare and ethical implications may not provide the necessary technical depth required to evaluate the paper's contributions to the field of FL. The paper aims to provide a structured understanding of FL methodologies, which may not resonate with Cortés's primary research interests. 4. **Moderate Fitness Score**: A fitness score of 53 indicates that while there may be some relevant knowledge, it is not strong enough to confidently assess the paper's contributions and implications within the FL domain. Reviewers with higher fitness scores would likely have a more robust understanding of the specific challenges and advancements in FL. In conclusion, while Ulises Cortés brings valuable insights from his research in AI and healthcare, his lack of direct experience in Federated Learning and the moderate fitness score suggest that he may not be the most suitable reviewer for this paper. A reviewer with a stronger background in FL methodologies and applications would be better equipped to provide a thorough and informed evaluation of the paper's contributions."""
"5","Lars Kotthoff","0.53","""The reviewer, Lars Kotthoff, has a research background that primarily focuses on algorithm selection, optimization, and machine learning applications. While his expertise in machine learning and optimization is relevant to the paper titled """"Modular Federated Learning: A Meta-Framework Perspective,"""" the fitness score of 53 suggests that he may not be the best fit for reviewing this particular paper. Here are some reasons why the reviewer may not be an ideal fit: 1. **Specificity of Federated Learning**: The paper focuses specifically on Federated Learning (FL), which is a specialized area within machine learning that emphasizes decentralized data processing and privacy. While Kotthoff's work in machine learning is relevant, it does not appear to directly address the nuances and complexities of FL, such as communication, security, and privacy concerns that are central to the paper. 2. **Lack of Direct Experience with FL**: The abstract indicates that the paper aims to provide a structured understanding of FL methodologies and systems. Kotthoff's research does not explicitly mention experience with FL or its specific challenges, which may limit his ability to critically evaluate the contributions and implications of the paper. 3. **Fitness Score**: A fitness score of 53 indicates a moderate level of relevance but suggests that there may be significant gaps in expertise or experience that could hinder a thorough and insightful review. Ideally, a reviewer should have a higher fitness score to ensure they can provide valuable feedback on the paper's content. 4. **Focus on Broader Applications**: While Kotthoff's research has evolved to encompass broader applications in various fields, the paper's focus on a meta-framework for FL requires a deep understanding of the specific challenges and methodologies within that domain. His work on algorithm selection and optimization may not translate directly to the specific needs of the FL community. In conclusion, while Lars Kotthoff has relevant experience in machine learning and optimization, the specific focus of the paper on Federated Learning, combined with a fitness score of 53, suggests that he may not be the best fit to review this paper. A reviewer with more direct experience in FL and its associated challenges would likely provide more insightful and relevant feedback."""
"6","Ivor Tsang","0.53","""The reviewer, Ivor Tsang, has a strong background in advanced areas of machine learning, particularly focusing on model adaptation, adversarial robustness, and optimization techniques. However, the fitness score of 53 suggests that he may not be an ideal fit for reviewing the paper titled """"Modular Federated Learning: A Meta-Framework Perspective."""" Here are the reasons why the reviewer may not be a good fit: 1. **Specificity of Expertise**: The paper focuses on Federated Learning (FL), a specific subfield of machine learning that emphasizes collaborative learning across decentralized data sources while maintaining data privacy. While Tsang's expertise in model adaptation and optimization is relevant to machine learning in general, it does not directly align with the core themes of FL, such as communication, security, and privacy in decentralized environments. 2. **Lack of Direct Experience with FL**: The abstract indicates that the paper aims to provide a structured understanding of FL methodologies and systems, as well as a novel taxonomy distinguishing Aggregation from Alignment. Tsang's research does not explicitly mention experience or contributions in the area of Federated Learning, which is crucial for providing insightful feedback on the paper's content and contributions. 3. **Focus on Different Challenges**: Tsang's work primarily addresses challenges like continual learning, adversarial attacks, and model performance under diverse conditions. While these are important areas in machine learning, they may not directly relate to the specific challenges and methodologies discussed in the paper, such as the modular meta-framework for FL and its implications for real-world applications. 4. **Moderate Fitness Score**: A fitness score of 53 indicates that while there may be some relevant knowledge, it is not strong enough to suggest a high level of expertise in the specific area of the paper. This score implies that the reviewer may not have the depth of understanding required to critically evaluate the nuances of the paper's contributions to the field of Federated Learning. In conclusion, while Ivor Tsang is a respected researcher in machine learning, his expertise does not align closely enough with the specific focus of the paper on Federated Learning. The moderate fitness score further supports the notion that he may not be the best fit to provide a thorough and insightful review of this particular work."""
"7","Tias Guns","0.52","""The reviewer, Tias Guns, has a research focus that primarily revolves around machine learning and combinatorial optimization, particularly through decision-focused learning (DFL). While his expertise in machine learning is relevant, the specific topic of the paper—Modular Federated Learning (FL)—is quite distinct from his primary research interests. The paper discusses a meta-framework for FL, which encompasses aspects such as communication, optimization, security, and privacy in decentralized learning environments. Given the fitness score of 52 out of 100, this indicates a moderate level of fit. However, the score suggests that there are significant gaps between the reviewer's expertise and the specific content of the paper. While Guns has experience in optimization and machine learning, the paper's focus on federated learning methodologies, systems, and the unique challenges associated with FL may not align closely with his primary research contributions. Moreover, the paper aims to provide a structured understanding of FL and its modular components, which may require a deeper familiarity with the nuances of federated learning, its historical context, and its specific challenges—areas that are not highlighted in Guns' research summary. In conclusion, while Tias Guns possesses relevant knowledge in machine learning, the specific focus of the paper on federated learning and its modular framework suggests that he may not be the best fit for reviewing this paper. The moderate fitness score reflects this mismatch, indicating that a reviewer with more direct experience in federated learning and its associated challenges would likely provide more insightful and relevant feedback."""
"8","Scott Sanner","0.52","""Based on the provided information, Scott Sanner is not a particularly good fit to review the paper titled """"Modular Federated Learning: A Meta-Framework Perspective,"""" as indicated by the fitness score of 52 out of 100. The paper focuses on Federated Learning (FL), a specialized area within machine learning that emphasizes collaborative learning while preserving data privacy. It discusses the complexities of FL, its methodologies, and proposes a novel meta-framework to better understand and analyze the field. The paper also delves into various components of FL, such as communication, optimization, security, and privacy, and aims to bridge theoretical foundations with practical implementations. On the other hand, Scott Sanner's research primarily revolves around conversational agents, reinforcement learning, recommendation systems, and traffic signal control. While he has made significant contributions to machine learning, his expertise does not directly align with the specific domain of Federated Learning. His work emphasizes large language models and their applications, which, while relevant to machine learning, does not encompass the core aspects of FL that the paper addresses. The fitness score of 52 suggests a moderate level of relevance, but it is not high enough to indicate a strong fit. A reviewer with a score in this range may lack the necessary depth of knowledge in Federated Learning and its unique challenges, which could hinder their ability to provide insightful and constructive feedback on the paper. In summary, while Scott Sanner has valuable expertise in machine learning, his research focus does not align closely with the specific themes and methodologies discussed in the paper on Federated Learning. Therefore, he would not be an ideal reviewer for this submission."""
"9","Michela Milano","0.52","""Based on the provided information, the reviewer, Michela Milano, has a fitness score of 52 out of 100 for reviewing the paper titled """"Modular Federated Learning: A Meta-Framework Perspective."""" This score suggests a moderate level of fit, but it raises some concerns regarding her suitability as a reviewer for this specific paper. **Reasons why the reviewer may not be a good fit:** 1. **Focus Area Misalignment**: While Milano's research involves machine learning and optimization, her primary focus appears to be on constrained optimization problems and decision-making processes in various domains, such as energy management and psychometrics. The paper on Federated Learning (FL) specifically addresses collaborative machine learning, privacy, and modular frameworks, which may not align closely with her core research interests. 2. **Lack of Direct Experience with Federated Learning**: The abstract of the paper indicates a deep dive into the methodologies, systems, and application domains of FL. If Milano's work does not include significant contributions or experience in FL or its related paradigms, she may lack the necessary context and expertise to provide a thorough and insightful review. 3. **Interdisciplinary Nature**: Although interdisciplinary research can be beneficial, the specific focus on FL's modular components, communication, and privacy aspects may require a reviewer with a more specialized background in FL or distributed machine learning. Milano's expertise seems to be more generalized across various applications of ML rather than focused on the nuances of FL. **Reasons why the reviewer may still be a reasonable fit:** 1. **Machine Learning Background**: Milano's extensive background in machine learning techniques, including deep learning and hybrid models, could provide valuable insights into the technical aspects of the paper, particularly in terms of the methodologies discussed. 2. **Framework Development Experience**: Given her experience in developing frameworks and methodologies, she may be able to evaluate the proposed meta-framework perspective in the paper, even if it is outside her primary research focus. In conclusion, while Michela Milano possesses relevant skills in machine learning and framework development, the moderate fitness score of 52 indicates that she may not be the best fit for reviewing this paper on Federated Learning. The potential misalignment in research focus and lack of direct experience with FL could limit her ability to provide a comprehensive and critical review. It may be more beneficial to seek a reviewer with a stronger background specifically in Federated Learning and its associated challenges."""
"10","Akshat Kumar","0.51","""The reviewer, Akshat Kumar, has a fitness score of 51 out of 100 for reviewing the paper titled """"Modular Federated Learning: A Meta-Framework Perspective."""" This score indicates a moderate level of fit, but it raises some concerns regarding the reviewer's suitability for this specific paper. **Reasons why the reviewer may not be a good fit:** 1. **Lack of Direct Expertise in Federated Learning (FL):** The reviewer's primary research focus is on materials science and reinforcement learning, with applications in natural language processing and computer vision. While he has experience in machine learning, his expertise does not specifically align with the core themes of federated learning, which involves unique challenges related to decentralized data, privacy, and collaborative learning frameworks. 2. **Limited Background in Key Areas of the Paper:** The paper discusses complex topics such as modular components in FL, communication, optimization, security, and privacy. The reviewer's background in materials science and RL does not provide a strong foundation in these specific areas, which are critical for evaluating the contributions and methodologies presented in the paper. 3. **Diverse Research Focus:** Although the reviewer has a broad range of interests, including AI and machine learning, his work primarily revolves around materials engineering and safety in autonomous systems. This diverse focus may dilute his ability to critically assess the nuances of federated learning, which requires a deep understanding of its specific methodologies and challenges. **Reasons why the reviewer may have some relevant insights:** 1. **Experience with Machine Learning:** The reviewer has experience in machine learning and deep learning, which are relevant to the paper's subject matter. His understanding of algorithmic solutions could provide some valuable insights, particularly in the context of optimization and system-level challenges discussed in the paper. 2. **Interdisciplinary Perspective:** The reviewer's interdisciplinary background may offer a unique perspective on the practical implications of federated learning, especially in terms of safety and performance across various applications. This could enrich the review process, although it may not compensate for the lack of direct expertise in FL. In conclusion, while Akshat Kumar possesses some relevant skills in machine learning and a broad research background, his lack of direct experience in federated learning and the specific themes addressed in the paper suggest that he may not be the best fit for reviewing this work. The moderate fitness score of 51 reflects these concerns, indicating that a reviewer with more specialized knowledge in federated learning would likely provide a more thorough and insightful evaluation of the paper."""
